run,queryIndex,queryId,scenario,terminalState,outcome,totalMs,executionMs,anchorAndPersistenceMs,anchorQueueWaitMs,anchorServiceMs,retryCount,remoteRequestAttempts,receiptBytes,receiptRoot,anchorTxHash,anchorBlockHeight,auditVerified,expectedBehavior,appliedFaults,error
0,4,livebench-2026-09-01T01-29-39-103Z-0-normal-4,normal,ANCHORED,SATISFIED,597.493,213,384.493,0.008,373.325,0,6,15079,0x817574f12155fd9a413887283623d6dcc7d09699d3d7dad6500cf3c7234b2e5c,0x1bf0680b011151b2d6b397e1e7ce8a9266ab21bed0939f15f453069ce37185e3,878,true,true,[],
0,3,livebench-2026-09-01T01-29-39-103Z-0-normal-3,normal,ANCHORED,SATISFIED,1119.902,220,899.902,367.424,523.555,0,6,14969,0xb7c7fedfe7423608c7e7bd9d27ea9fde7c533febac32a56760a9d7360c66a91e,0xbc921088aa1a0328f605ce5a7545a240709a06d43474db42012536019f8d82c2,879,true,true,[],
0,7,livebench-2026-09-01T01-29-39-103Z-0-normal-7,normal,ANCHORED,SATISFIED,1617.278,223,1394.278,886.608,496.28,0,6,15077,0x2979ce408e2b94051e6d75ca2dd6a67ba4c2fa1cadcd35db6ed2e77036b628b5,0x667dc751e828e2d4cbb6a87c0ede857d8b9e6293c35db41c19d869eec7485f98,880,true,true,[],
0,5,livebench-2026-09-01T01-29-39-103Z-0-normal-5,normal,ANCHORED,SATISFIED,2118.101,227,1891.101,1379.548,501.348,0,6,15079,0xe3a5e75c49dff2ef1af61725e6f24bc19904b40d5ec17d43e1811f40ee6c2019,0x9a2e643fb3a10ca0e38c5d443a5206a039e3abd97b466bdc670174b64a7737fa,881,true,true,[],
0,2,livebench-2026-09-01T01-29-39-103Z-0-normal-2,normal,ANCHORED,SATISFIED,2635.828,231,2404.828,1877.101,511.637,0,6,15077,0x3559b9d93b2a9a99807d97c4e17cd01c97257ebe67e4efc8176ca14bb10cfc73,0xd0c5058c418274ab9b4b10946ee4dc0f5c8799fef438002f16a5c45a7cc3cffc,882,true,true,[],
0,1,livebench-2026-09-01T01-29-39-103Z-0-normal-1,normal,ANCHORED,SATISFIED,3128.758,234,2894.758,2386.582,497.694,0,6,15077,0x780f13bb686519dcc5f2fae9a6377cbf6e046c26acb1866171d15b5406f993cd,0xa76cb1c11cd9939e81c6a8c340df35d62b152041133636924d088e6ce5302bc4,883,true,true,[],
0,0,livebench-2026-09-01T01-29-39-103Z-0-normal-0,normal,ANCHORED,SATISFIED,3637.809,236,3401.809,2882.425,509.258,0,6,15079,0x0fdc37e4798975f405932faa8e81a39bf316c296f27b3f6cd4cbd6e28e6b9434,0x6877236742fe028c8117ffe0403da01d48b27f355a919f8462e0dcbe3a4a5ea7,884,true,true,[],
0,6,livebench-2026-09-01T01-29-39-103Z-0-normal-6,normal,ANCHORED,SATISFIED,4148.534,237,3911.534,3388.342,514.539,0,6,14969,0xd7b3cf0097b1da57ebb3c7245d939d3cf8f348edc98c9720c52f3480a8be18e6,0xbc45a4395a89ed231cd7e2e75647d0d0c2853ff08d1237d717fc42a5dbb042f2,885,true,true,[],
0,8,livebench-2026-09-01T01-29-39-103Z-0-normal-8,normal,ANCHORED,SATISFIED,4100.979,42,4058.979,3500.825,548.806,0,6,15077,0x53968b0366df66b4a5bb9eb13a6b768f6274bbc1bf2c6ec9848b46f560e70a0b,0xd471e9c03c57873798d75020438b3796efb7bf723717f5838bf4d7e5b25553b4,886,true,true,[],
0,9,livebench-2026-09-01T01-29-39-103Z-0-normal-9,normal,ANCHORED,SATISFIED,4066.012,43,4023.012,3526.111,488.785,0,6,15077,0x57b4bb41b80485d6dcda66dee734880514da61087fb9e3d0b2c1f1015c20ddbb,0x6d85af115a0938d6c93aa8df9b0a1f9d3d18089bc942e48fa746a9614a6874f2,887,true,true,[],
0,10,livebench-2026-09-01T01-29-39-103Z-0-normal-10,normal,ANCHORED,SATISFIED,4105.798,49,4056.798,3493.472,553.036,0,6,15087,0xcc058e1ad234f58b0a2b4b69e8d45a9bcba88a1be0b7bb72e29391b671b709ba,0x22cc6d04942006fb8a6af79274729979f4730855e87a3dbc76dba57d7f8509eb,888,true,true,[],
0,11,livebench-2026-09-01T01-29-39-103Z-0-normal-11,normal,ANCHORED,SATISFIED,4230.836,58,4172.836,3553.897,575.189,0,6,15085,0xf9d3484f3b449e786af8d8b56a869c3418d2526cbcc4cef53eb9480ff64489bc,0x75ea48ca21087c09e729b7a70701c01342c518675b435ed8c25912b57f31648f,889,true,true,[],
0,12,livebench-2026-09-01T01-29-39-103Z-0-normal-12,normal,ANCHORED,SATISFIED,4129.087,63,4066.087,3607.832,447.991,0,6,15085,0x1cbba3969c634775d6cd3532f6932c07594eafcf45a1f14a4c2701df40448ac3,0x7bcc13b945909d990762e9f839f2705c00c1446f9982750aed8277cf5d2f417c,890,true,true,[],
0,13,livebench-2026-09-01T01-29-39-103Z-0-normal-13,normal,ANCHORED,SATISFIED,4146.688,37,4109.688,3588.286,507.343,0,6,15085,0x0a0683e1ff2cb0f1674d90355e8b060844f07423cb490555d90ec5c21817eb7a,0x474e138047330be1a9718b73474d1c919b0ecee95b9fb574579ec0f2cc00611f,891,true,true,[],
0,14,livebench-2026-09-01T01-29-39-103Z-0-normal-14,normal,ANCHORED,SATISFIED,4141.122,207,3934.122,3417.582,507.775,0,6,15087,0xaec400426df0b51865ff4c1714e2e978ce93cb5d2be2119c8b6649589c8da3e3,0x32654fbafce8490ed652185796761e9d31198ce724aa9c0ba0f5358235a3b308,892,true,true,[],
0,15,livebench-2026-09-01T01-29-39-103Z-0-normal-15,normal,ANCHORED,SATISFIED,4164.13,51,4113.13,3570.304,536.098,0,6,15085,0x9b6e342869528e0dc2527b25b1a2fd09d0e2af33511da923b0cc0bf67957e2fa,0xc81d53035c128697d4ea7b95101e9310a293fa46e0dea8258f52a30af5f185d1,893,true,true,[],
0,16,livebench-2026-09-01T01-29-39-103Z-0-normal-16,normal,ANCHORED,SATISFIED,4135.55,52,4083.55,3552.932,520.982,0,6,15085,0x453b693c66559c2c130161d9d02e901363f68e38d9a8c364f1f198f3793ee5d5,0x02870984d55ef1e09a1857877d2e1ffae1a2df8fcb16464af3052d39df4b9c28,894,true,true,[],
0,17,livebench-2026-09-01T01-29-39-103Z-0-normal-17,normal,ANCHORED,SATISFIED,4159.772,40,4119.772,3601.481,507.528,0,6,15085,0x5756e2051093eb0553441faf91260c2eb524f23c7c95714a3777bfd85e21ddee,0xa4e57c7ce5d28783a679cd99de1ccb369c426360372a4ffef09a5481e524e59d,895,true,true,[],
0,18,livebench-2026-09-01T01-29-39-103Z-0-normal-18,normal,ANCHORED,SATISFIED,4216.921,51,4165.921,3540.484,520.348,0,6,15085,0x8cf758efcc7b9f85bace6b39262bfbf6b22634b76031938eab0d528784620707,0xc187ee4a188477d39b34013de7ce82830e4ab1e4a41641fbac5b0b0b387bae00,896,true,true,[],
0,19,livebench-2026-09-01T01-29-39-103Z-0-normal-19,normal,ANCHORED,SATISFIED,4115.787,48,4067.787,3457.145,602.792,0,6,15085,0xe6bf5305073b84193047af8cc8df56fb89012472fbd8e3f7752b30b6652dd232,0x81fcf6c35a3d71f32ca72ba0c5fa81b7db571a7dc7dac73c2567b385c6a566f5,897,true,true,[],
1,0,livebench-2026-09-01T01-29-39-103Z-1-normal-0,normal,ANCHORED,SATISFIED,572.854,182,390.854,0.006,381.091,0,6,15077,0xb726ab429f199261439df53fe71cd32c8ddc249fe7b1ca013bbe467347055b54,0x1b6c6b2c3635af637dc7280ef1885296040853f062b3ee0ccbac86c419b685cc,898,true,true,[],
1,2,livebench-2026-09-01T01-29-39-103Z-1-normal-2,normal,ANCHORED,SATISFIED,1111.054,217,894.054,345.053,538.098,0,6,15079,0x08cfdb594f7cc6d4bf7c4017ab0f395cb1603f9652220c9035159bc63127284a,0x27ea668f7b1e2415155d7a29449e75953cc6ffe8436cf3a85e0311de1c327d66,899,true,true,[],
1,3,livebench-2026-09-01T01-29-39-103Z-1-normal-3,normal,ANCHORED,SATISFIED,1660.029,225,1435.029,875.916,552.746,0,6,15079,0x2e38c142422b89140769ff727a6e57a04f8670efed0c177e973611de10980ed1,0x41b75cf58ff8f593999490c0483e7bad5b10070dde6f9805919b7d80eb4ee6fa,900,true,true,[],
1,4,livebench-2026-09-01T01-29-39-103Z-1-normal-4,normal,ANCHORED,SATISFIED,2230.542,228,2002.542,1425.4,549.995,0,6,14969,0x43bb12e00fad91b0bf8cfedb655a6384c64ebd4b9e0329c2551a24e60b2f5f48,0xc4aa387ae69d6e29637fe851e3667ad9f20dd5a3e99ae0298152cd07b5a86745,901,true,true,[],
1,1,livebench-2026-09-01T01-29-39-103Z-1-normal-1,normal,ANCHORED,SATISFIED,3426.043,231,3195.043,1972.808,1016.177,0,6,15079,0xcf6306d09933cb06505ad9e3a78b37c8ce76b153c4adc8a1c0191695e26fb7ce,0x32c75aa932117d71488a0921b5c44cabb0a14db2fa6c3f584c2f3ef37d1e10d6,902,true,true,[],
1,7,livebench-2026-09-01T01-29-39-103Z-1-normal-7,normal,ANCHORED,SATISFIED,3743.103,232,3511.103,2987.86,504.777,0,6,15079,0x35cd8f5331908c0a697e7a4af8dc78fe10288436975dd1af6639e14e73c138e8,0xb2a6bfea8603e54f3c95e3c6b1f3a3ff8c12dce5e20c0c2d93d045d9e4dccdfa,903,true,true,[],
1,6,livebench-2026-09-01T01-29-39-103Z-1-normal-6,normal,ANCHORED,SATISFIED,4191.566,234,3957.566,3490.596,459.387,0,6,14969,0xf29494225a095ee71c88c3280e70e40628fc5d0b105e6256eba93d7992a39674,0x93b81bec9c62fa9790b55f4f484f5e687b03d0b89916523b16baa7820adb6063,904,true,true,[],
1,5,livebench-2026-09-01T01-29-39-103Z-1-normal-5,normal,ANCHORED,SATISFIED,4703.249,235,4468.249,3948.259,505.909,0,6,15077,0x2a8fcf5c84653f69ba49212eaef77b4efa720bdf05e31402ca2d46f0c1788eef,0x6ac60804ae97d5816b570d8a71b58c8cf68bc32010c367433c0fba08d075fec4,905,true,true,[],
1,8,livebench-2026-09-01T01-29-39-103Z-1-normal-8,normal,ANCHORED,SATISFIED,4646.374,59,4587.374,4058.321,516.433,0,6,15079,0x045dbba41865b14adad3bfbd528d43e9fbc21f2e386236b33b51464f255ce63d,0x39500ae7dcc97c254bcd92c30e26c502cceaf9e0046baa9bcdc50a36c46b4439,906,true,true,[],
1,9,livebench-2026-09-01T01-29-39-103Z-1-normal-9,normal,ANCHORED,SATISFIED,4604.445,56,4548.445,4037.552,500.597,0,6,15077,0xfefe3a65aefd63f3d3f21a61c28949a9d4e9c6cf099656ce4968b443dd6817f7,0xd1d2f6048b129ea8524f01bf0ccf906609165fa94d8c530e41494bbecbc7953f,907,true,true,[],
1,10,livebench-2026-09-01T01-29-39-103Z-1-normal-10,normal,ANCHORED,SATISFIED,4566.653,33,4533.653,4013.143,508.025,0,6,15087,0xafae39a945cdd46ba4acfa498e38c8b5c53cf88f8f21f20d4e957d6d9062681a,0xf34257025b1234aacadd13315bdba5d412794a6b5e7dfba9ee2d63288e21e141,908,true,true,[],
1,11,livebench-2026-09-01T01-29-39-103Z-1-normal-11,normal,ANCHORED,SATISFIED,4534.243,185,4349.243,3767.652,574.13,0,6,15085,0xb0857385d8e7a2787ac608acc48f7917557a8f302f76f7d306fdf050cae6765d,0x990b0038003b43c7bf3b4b09f0d464c8ed84fadba30ac7a4c3bd1b8b7ca5fa97,909,true,true,[],
1,12,livebench-2026-09-01T01-29-39-103Z-1-normal-12,normal,ANCHORED,SATISFIED,3851.827,111,3740.827,3227.748,503.142,0,6,14972,0x2c59a21b9bf2789704b1877d5697141484cee27360c7f5ff0d1d708e867be366,0x88f61d51b091ec76eb11b9219ab6f1bfae43c27e52b7e15b3c8944ce5cb2a2b7,910,true,true,[],
1,13,livebench-2026-09-01T01-29-39-103Z-1-normal-13,normal,ANCHORED,SATISFIED,4065.793,82,3983.793,3466.319,508.838,0,6,15085,0x808eff2514ebcc7841a9a1767debc18c8ad8b20a311141fdeb9b08dd9c6158f3,0xe10192f445c7f40b85ff3e6c1600388aae956588655105a11169d120ff1fefa7,911,true,true,[],
1,14,livebench-2026-09-01T01-29-39-103Z-1-normal-14,normal,ANCHORED,SATISFIED,4129.01,74,4055.01,3534.253,511.649,0,6,15087,0x4f8a061216ad61651ee5980551786dce545872b3e16d79cabe3f4e6c211f3f3f,0x1eb0d34b0a1c87d90cd427ba3aee92a5178165b5419d8669ad6e5797f317f3ab,912,true,true,[],
1,15,livebench-2026-09-01T01-29-39-103Z-1-normal-15,normal,ANCHORED,SATISFIED,4206.109,56,4150.109,3551.954,589.349,0,6,14977,0xf9bc8ba66a2322ff74317ea51e82a7a2f937f821eb3cdeb13fb9ef3c40a75dd9,0xd3951e95aae3efa276d1a94a8c7114916e0a7def4eed9d54dd51d5170d12bab2,913,true,true,[],
1,16,livebench-2026-09-01T01-29-39-103Z-1-normal-16,normal,ANCHORED,SATISFIED,4280.211,60,4220.211,3618.22,432.392,0,6,15085,0x5b7bdd767df8fab3a4dbcbda1751221fd5728e7225ca90c92dad53ac2413233f,0xe57f4cc88d42b097668569b08f092422ea3f60c69b5497527c22c72c198ff977,914,true,true,[],
1,17,livebench-2026-09-01T01-29-39-103Z-1-normal-17,normal,ANCHORED,SATISFIED,4127.413,78,4049.413,3536.295,502.341,0,6,15085,0x3b96593dcb96df2ebbfb0fff04c1feb4a170ad6f11d6fa4f7edbe88610d5847a,0x50575e5ffd49e17e3f9397a742cb94901499d92ecedd76fc241089399596152c,915,true,true,[],
1,18,livebench-2026-09-01T01-29-39-103Z-1-normal-18,normal,ANCHORED,SATISFIED,4113.237,53,4060.237,3555.323,496.145,0,6,15087,0xc77e02f2ea0c49a622529dd7f10a84dcaaabe63be224eae6cd8edce297537c15,0x06a19f83a0fafd6fd727a7f14124f2eb096d5231bdb3c2463838e7fa69eade01,916,true,true,[],
1,19,livebench-2026-09-01T01-29-39-103Z-1-normal-19,normal,ANCHORED,SATISFIED,4050.722,56,3994.722,3478.544,504.771,0,6,15087,0xac6dc50c87b13473e6c5cfb442ff1d6aa1e0714e5a9ed6727937e81d80c503c8,0x8b9b127ea7c51aa9ba9fd73ee041a782233ecb5c58266a8e517112a11dc346f6,917,true,true,[],
2,0,livebench-2026-09-01T01-29-39-103Z-2-normal-0,normal,ANCHORED,SATISFIED,505.263,191,314.263,0.005,302.805,0,6,15077,0x4305414fb0126e113af734757e60e3c2e832ed1ed3522e421f4eacccba8f7b11,0x005d55e332bf46b4af039d2d10d3ea2263752b60efa8ef969fc253c3795a88d5,918,true,true,[],
2,1,livebench-2026-09-01T01-29-39-103Z-2-normal-1,normal,ANCHORED,SATISFIED,1134.341,194,940.341,295.839,629.082,0,6,14969,0x47f7e590125322efd6a8bca88a83d842885b1f204ba0e7b4d454acce4f47be4a,0xa9a2154b3b4974601c96a1770150ffa44e4e69d52524fec56a2a8e31f8603d24,919,true,true,[],
2,4,livebench-2026-09-01T01-29-39-103Z-2-normal-4,normal,ANCHORED,SATISFIED,1625.09,202,1423.09,921.426,495.596,0,6,15077,0x89e8bc243f297c9a29db74fbaab79ee60e1abc03bff383a33c8179baa4bb2a9e,0x15393018986c200174f3cb4d0eea89bc9ea00842478d47f47e9ddc2fc5a7aeb1,920,true,true,[],
2,2,livebench-2026-09-01T01-29-39-103Z-2-normal-2,normal,ANCHORED,SATISFIED,2210.755,205,2005.755,1414.265,571.407,0,6,15077,0xf302f6be4105f26b0087052205813a3dec3372724c526cd80b2c407fde0227c1,0x004cb43d6d3f117b8e96762f56bf0e5f20a0ce3dca865f501afc8f5eda1ce375,921,true,true,[],
2,6,livebench-2026-09-01T01-29-39-103Z-2-normal-6,normal,ANCHORED,SATISFIED,2695.86,211,2484.86,1977.052,497.138,0,6,15077,0x0472cd3126810da4083d418a0d5e043c646e0c643b8f5e13eb166e1e918a11d8,0x637d2b4ebd12ad85e0aa4f8ebaad60df82787c0fbdf34e56a6789a0127f0db75,922,true,true,[],
2,5,livebench-2026-09-01T01-29-39-103Z-2-normal-5,normal,ANCHORED,SATISFIED,3200.461,211,2989.461,2472.857,504.99,0,6,14969,0xaccf4813a2827ed5e1b029ff62ce643c5b9b8e1017ee13bf485799fa31a06b2a,0x70f1b95170042fe4199427625bb104fa8fb592141a98ed7d044c8300193dc466,923,true,true,[],
2,7,livebench-2026-09-01T01-29-39-103Z-2-normal-7,normal,ANCHORED,SATISFIED,3706.793,211,3495.793,2976.289,506.973,0,6,15079,0x6a264ffe46563cce2e597b5341521549363fa98cfd9f040fc2c15f8e61b0b74d,0x08f4af9f7cd79aa54403b99b49349eb46d47e47d4952c04f0b8ced488e253d24,924,true,true,[],
2,3,livebench-2026-09-01T01-29-39-103Z-2-normal-3,normal,ANCHORED,SATISFIED,4216.862,226,3990.862,3473.662,507.309,0,6,14969,0x156b3275d8fa3e25685d5996e238981d79fe1b18a6f0750f33f0283c2917187f,0x74fac4a204b534c4d3c7d52daf06ef40d7e8d9e5e3d0ce97b94490a736c3eb41,925,true,true,[],
2,8,livebench-2026-09-01T01-29-39-103Z-2-normal-8,normal,ANCHORED,SATISFIED,4223.605,42,4181.605,3658.401,510.757,0,6,15079,0xd0758a5d394f54430dbcbc76c12e206c76aab35aa1afe697917d9b9d2feffbf8,0x6c0607e4dbc9f4547365efa93d467a7cb8190114d050f7e287d8999262434b31,926,true,true,[],
2,9,livebench-2026-09-01T01-29-39-103Z-2-normal-9,normal,ANCHORED,SATISFIED,4118.019,46,4072.019,3535.652,524.972,0,6,15079,0xae91c1bee0607dc56363e6e8d77d1ed10e7449edfe70f9d15e88cedaeb656163,0xd2d1e707606250b22922ddb5a888bd36d2dc6492fafc32a63664c307c2fe6035,927,true,true,[],
2,10,livebench-2026-09-01T01-29-39-103Z-2-normal-10,normal,ANCHORED,SATISFIED,4138.651,42,4096.651,3574.14,502.847,0,6,15087,0x13e41153d8946c158d154b6c5904d5146f7fb7b679aeefadaac076afe2b3cc0f,0x46ec03291cff2cadc5b4a721a20c3198dbf12b19c2ae8448dec172a5c2af30de,928,true,true,[],
2,11,livebench-2026-09-01T01-29-39-103Z-2-normal-11,normal,ANCHORED,SATISFIED,4052.23,41,4011.23,3491.016,504.298,0,6,15087,0x864e062dc05514154d860461f2904cc952c1151994a262c86941a121881e2780,0x03b7c2a6cd1690007c836dcd09986e4b526412d695ce370751fe4c86e49faff2,929,true,true,[],
2,12,livebench-2026-09-01T01-29-39-103Z-2-normal-12,normal,ANCHORED,SATISFIED,4068.381,46,4022.381,3505.281,503.42,0,6,15085,0x537390882c0f05ba8255b43b1dbf648e12089732e20d66314c3a3ca5f6717fcb,0x3bdadea3b62fdb70e0eeee758277b4bd85c978c84f7e0c07b8936629d3227a85,930,true,true,[],
2,13,livebench-2026-09-01T01-29-39-103Z-2-normal-13,normal,ANCHORED,SATISFIED,4068.687,50,4018.687,3500.578,505.9,0,6,15087,0xb12570837b73b020a15420ea687bb702956598cd5fc8a1319d2a97d7322711b9,0x0d3d80d0e02941e6203434b146b1b30cdbd048feadc1a4848d3b192cf0bfe97e,931,true,true,[],
2,14,livebench-2026-09-01T01-29-39-103Z-2-normal-14,normal,ANCHORED,SATISFIED,4063.374,45,4018.374,3505.889,503.779,0,6,15085,0x58e352a556b3d40ba95e43cd5874aa745b434a5842f222e71ab8c9d3246f8306,0xdc132ecd9ee7d3b6e0961536b0b45397493cb5680f376c7675639eec6dbec4a3,932,true,true,[],
2,15,livebench-2026-09-01T01-29-39-103Z-2-normal-15,normal,ANCHORED,SATISFIED,4059.076,48,4011.076,3495.127,505.769,0,6,15085,0x1bd81a24aff58d392a3b392fbd4c193c71e6a8421081140c2ab2f38aa4f8ed25,0x5068c4b3f724163a2dd9c3f715dd8c107780433291ef1750ea4d8806317b5919,933,true,true,[],
2,16,livebench-2026-09-01T01-29-39-103Z-2-normal-16,normal,ANCHORED,SATISFIED,4059.79,58,4001.79,3478.787,514.653,0,6,15087,0x69debc836d531ff85367008945b6ac2c0a9c98fbfcba87c92800c32db8ef5e41,0xb362bf43baef8fdabf93ce1dfe2d58cd7ff3139cdf1b7d4c966247766b89be2a,934,true,true,[],
2,17,livebench-2026-09-01T01-29-39-103Z-2-normal-17,normal,ANCHORED,SATISFIED,4036.65,64,3972.65,3464.293,499.577,0,6,14977,0x454917e40905e7d0bb01ddb29870774cc281f45fb1e456548a1a19ab2a7c1611,0x80cb03e6f20d5c574e2952d5ee80db1c5ffa695c02d861bea56d21fc03f6dd48,935,true,true,[],
2,18,livebench-2026-09-01T01-29-39-103Z-2-normal-18,normal,ANCHORED,SATISFIED,4059.188,47,4012.188,3468.141,534.12,0,6,15085,0xc226035f56e78490bdf6f00c2e3f5e1de4d74b0f71f40c16f889265b07d75c9e,0x720f52962d32b7c5a9305a7cf058eb5e115fec9e73cb8dbf8c01845ce63b3aa3,936,true,true,[],
2,19,livebench-2026-09-01T01-29-39-103Z-2-normal-19,normal,ANCHORED,SATISFIED,4111.054,57,4054.054,3491.764,541.508,0,6,15087,0x9747bd6f0010828e3ca118ba5ec2d3d4b961e67a678ad6f3987e887fedb084d9,0xd1c9d89468d628e6a524e607d670114a8106bd742f6164aca82f74e2ed39656b,937,true,true,[],
