run,queryIndex,queryId,scenario,terminalState,outcome,totalMs,executionMs,anchorAndPersistenceMs,anchorQueueWaitMs,anchorServiceMs,retryCount,remoteRequestAttempts,receiptBytes,receiptRoot,anchorTxHash,anchorBlockHeight,auditVerified,expectedBehavior,error
0,0,livereg-2026-09-01T01-38-58-803Z-0-normal-0,normal,ANCHORED,SATISFIED,500.92,55,445.92,0.007,438.148,0,6,15905,0xa873eb5304dc9476912911100d3064ac19509f007c70234fb112cc1bd86c14fc,0x5eb09bf8e8a1e18a401fef4d8155a6fbb6ef23f287ad1d58e42191d46216bf0b,1016,true,true,
0,1,livereg-2026-09-01T01-38-58-803Z-0-normal-1,normal,ANCHORED,SATISFIED,499.741,47,452.741,0.004,445.191,0,6,16014,0xdc3b4a68a24d0c26e3f8a42435121cf732337496ba75a05e29b3b78d6e8f032a,0x96b2c4525c8b22086bfbc7a808eddebf2381b63cd1e3c584106282c2285a8020,1017,true,true,
0,2,livereg-2026-09-01T01-38-58-803Z-0-normal-2,normal,ANCHORED,SATISFIED,502.59,63,439.59,0.009,432.209,0,6,15905,0x368a70280cf77df35ab65279815d2ee06cf095816221af1446a195d0ae7a2700,0x1d9f618cb5996e9971f5f41506339ad0921f91dcbb43ed4e7ec5ddab46cf00a2,1018,true,true,
0,3,livereg-2026-09-01T01-38-58-803Z-0-normal-3,normal,ANCHORED,SATISFIED,505.713,42,463.713,0.004,456.78,0,6,16013,0xfc027b282b2f4e5b78f2562a27bdec1420d50c28a67ac3cab60a083ce9558faa,0xe14bd8f93098c7c7fe8757e18bf65ce113996b862c3a2e1e2f4c69dcd69a22b2,1019,true,true,
0,4,livereg-2026-09-01T01-38-58-803Z-0-normal-4,normal,ANCHORED,SATISFIED,515.121,44,471.121,0.005,460.668,0,6,15905,0x70974f3b5bcc32323ee5d7f8e540d3f3d846d5f2d97886699ff3bc0424e342e2,0x209f2714cadef5da0aec06f70814e1f7f214fc4920027b704fcd663060766f7e,1020,true,true,
0,5,livereg-2026-09-01T01-38-58-803Z-0-normal-5,normal,ANCHORED,SATISFIED,529.224,56,473.224,0.006,461.61,0,6,16013,0x75ecd613ea652e0191cd8752560278ffa3994450f3276e76ca5e67dcf3826ef4,0x8ba49ae2a44d0414e336faa992d03fb101111b8cf7f0c8da1a7b7ebecd4da8a2,1021,true,true,
0,6,livereg-2026-09-01T01-38-58-803Z-0-normal-6,normal,ANCHORED,SATISFIED,550.236,64,486.236,0.01,470.797,0,6,16014,0x6e4decfb04e65bd92f96dc708849569dd2cff70f91ebf36b09df46dfa48b6cc2,0x72a2cfc533ee77dd89cbdb3454657421b28c9d0566f9e4ec529c8606541c968a,1022,true,true,
0,7,livereg-2026-09-01T01-38-58-803Z-0-normal-7,normal,ANCHORED,SATISFIED,558.093,234,324.093,0.036,301.422,0,6,16014,0x07f39bd07af396e55fb7a3b0e67f1e45f2d6381667c0bad1362900d8193b3394,0x65b6d8dd8a91c503a658912a23b4ba529828a57972cafbf1e4d06a43e80764fe,1023,true,true,
0,8,livereg-2026-09-01T01-38-58-803Z-0-normal-8,normal,ANCHORED,SATISFIED,462.246,73,389.246,0.007,378.43,0,6,16013,0x81207198a9cb07f06161ddc9d211e7cd58f1777a2ac8b0dccabaf4eb1aeaed4d,0x7da55c990ade8755093df54696f0a63c811c8e21bb62856eb148049f5ae91877,1024,true,true,
0,9,livereg-2026-09-01T01-38-58-803Z-0-normal-9,normal,ANCHORED,SATISFIED,498.445,58,440.445,0.004,432.088,0,6,15905,0xca43b250535407106686f2fc5c56a75b0544cd547f547d65d8f987d688f75015,0xce84da8d50233e5507ac12b8062320f987c4945eec3598096b46e2ccb783d802,1025,true,true,
0,0,livereg-2026-09-01T01-38-58-803Z-0-over_limit-0,over_limit,ANCHORED,UNSATISFIED,499.652,73,426.652,0.011,417.884,0,6,16083,0xd1d26e34dd13c6d4dd07f3ea5b5e29b2a63290062f4cfa1c73ecaf8ea47fe39f,0xf276fc5544f129962e3555f2a096466ed634cf466c86bc6d3ff175aa2abfb65c,1026,true,true,
0,1,livereg-2026-09-01T01-38-58-803Z-0-over_limit-1,over_limit,ANCHORED,UNSATISFIED,505.532,62,443.532,0.007,434.791,0,6,16084,0x868d2b582bce474347aafbfb513cfed7b0212e06d77e871490601ed7ce97626c,0x577af15570da397053def2b13aef80fe213c09ca3d4606006e2d6515a06c2ca8,1027,true,true,
0,2,livereg-2026-09-01T01-38-58-803Z-0-over_limit-2,over_limit,ANCHORED,UNSATISFIED,540.835,65,475.835,0.008,454.835,0,6,15975,0x668480c41b6412e46b521a064ba8584f20e168d151d6dba5717723a51830b3a0,0x446647b32fe365826cecb8653010422cb37e5636e01fa38313e30ea0b4dd7c31,1028,true,true,
0,3,livereg-2026-09-01T01-38-58-803Z-0-over_limit-3,over_limit,ANCHORED,UNSATISFIED,462.928,55,407.928,0.003,400.151,0,6,15975,0x6bebe0b6f77e6404a13d7343a302f4d4c9b8b846a41a7be228f52d675be56ef3,0x7bc5882262c65d3854886c4f02ee3c2b70eaa7238d09cd42d889a010b72e4b28,1029,true,true,
0,4,livereg-2026-09-01T01-38-58-803Z-0-over_limit-4,over_limit,ANCHORED,UNSATISFIED,515.897,53,462.897,0.004,449.988,0,6,15975,0x9d457b77cd2bf4ab5c38bb94a14cee38ffc8437be00fcfc5fac27495835cf6f5,0xe23eb55631b6d0b39c0dfffe76624048a2a7f54fa6ebf79405487df0331382e3,1030,true,true,
0,5,livereg-2026-09-01T01-38-58-803Z-0-over_limit-5,over_limit,ANCHORED,UNSATISFIED,615.052,66,549.052,0.008,534.429,0,6,15975,0xdbe95586d11635274241af6f613813eb7ee77e7fd36e857d7a3b2e94c938f88b,0xf47a64db29d5e88342f7eb775ed14a0d6f5d5cc99d432ca9929df80e8b588fba,1031,true,true,
0,6,livereg-2026-09-01T01-38-58-803Z-0-over_limit-6,over_limit,ANCHORED,UNSATISFIED,564.826,53,511.826,0.006,484.26,0,6,15975,0xffe4189c8437b9e368f6fa72bee524457b3a8fc11da533f9ace6373f45f53a0c,0x837ee1a5454ba8116e0a6ad6af3be632cea3f8fe4babae6614bdcd40a6edf9be,1032,true,true,
0,7,livereg-2026-09-01T01-38-58-803Z-0-over_limit-7,over_limit,ANCHORED,UNSATISFIED,494.565,61,433.565,0.008,424.299,0,6,16083,0x04d85bf09b15c27041aa1879555c7c7590d6999152906c45e0772afca8e49162,0xe195dd81aa6f89cfdbc46dce240d386ed05ebfd1b5f948d3f9ed980ebf76fe9b,1033,true,true,
0,8,livereg-2026-09-01T01-38-58-803Z-0-over_limit-8,over_limit,ANCHORED,UNSATISFIED,499.86,55,444.86,0.002,432.707,0,6,16083,0x9c5d50d42a2c20a2218001af14cd1ebe53ed148bc861490b955b897e2e896864,0xe9c39cb6cf65c0689299cfe017c1e605ecff7d06b332bcca185177aa44bf9871,1034,true,true,
0,9,livereg-2026-09-01T01-38-58-803Z-0-over_limit-9,over_limit,ANCHORED,UNSATISFIED,655.689,73,582.689,0.008,568.352,0,6,15975,0xf20c72d17771508047a8fb17c1fbae535c9541acbd328b5cb1e35db7ed964858,0x07db4c4fce9d0068ec41a49618d92232eef8255d383aef1818326890a9fa4834,1035,true,true,
0,0,livereg-2026-09-01T01-38-58-803Z-0-subject_mismatch-0,subject_mismatch,ANCHORED,UNSATISFIED,501.429,56,445.429,0.008,437.67,0,6,16185,0x5009d112afedeade072df4f32eb078479e04196da00100515ec6d8539c602a83,0x616bff12b0312d68f4dd1358322e4f726eb1a90d98945943a53cd9def60f23a7,1036,true,true,
0,1,livereg-2026-09-01T01-38-58-803Z-0-subject_mismatch-1,subject_mismatch,ANCHORED,UNSATISFIED,595.892,56,539.892,0.008,531.081,0,6,16185,0xfd3dbf8cfe60ad489c2b8aa76bd05ac221032a92ff779b8be3b7818e0e918b83,0xebd66afaf8085e09e75a428c2daafe93a8cd1a9022bb479c3626401d42d34c3e,1037,true,true,
0,2,livereg-2026-09-01T01-38-58-803Z-0-subject_mismatch-2,subject_mismatch,ANCHORED,UNSATISFIED,634.252,46,588.252,0.005,579.918,0,6,16186,0x4352c940f1fef7bc04e941c7b4d83d997b6b427d0f0b69212445ee4e46bee340,0xaa59e6cbbc7eb25b2c4858c441c2239deb8c84f476973bfc89e3671836a4ec27,1038,true,true,
0,3,livereg-2026-09-01T01-38-58-803Z-0-subject_mismatch-3,subject_mismatch,ANCHORED,UNSATISFIED,542.801,47,495.801,0.003,488.741,0,6,16185,0x9e76a89495ee77ddc61a4ff4146d148e6064d36bad1c76badb0f1391ba956acf,0xbff06f645fd81647f1bf216c59e03e91e442d6c8148a8a0492117618371331bb,1039,true,true,
0,4,livereg-2026-09-01T01-38-58-803Z-0-subject_mismatch-4,subject_mismatch,ANCHORED,UNSATISFIED,506.122,44,462.122,0.005,454.175,0,6,16077,0xcfe5ef0b410e2d83168f60b7fc9b64dc6c6bec566cb27835edd4408313ed20cf,0x9289c1d93683823844e49f55506c96a826a640fe8e398a1095512d9c2c927713,1040,true,true,
0,5,livereg-2026-09-01T01-38-58-803Z-0-subject_mismatch-5,subject_mismatch,ANCHORED,UNSATISFIED,532.275,47,485.275,0.003,467.728,0,6,16185,0xc5aadaef1e5c9d276dbff64fe75f8a6af5ad4125b416e331bd21a73bb21a4078,0xb2ce80e2292e979ec2f12090c021b04afedd70883f401ffb5d6c4b1e8b8f0380,1041,true,true,
0,6,livereg-2026-09-01T01-38-58-803Z-0-subject_mismatch-6,subject_mismatch,ANCHORED,UNSATISFIED,479.599,109,370.599,0.011,363.464,0,6,16185,0x978349931cdbb9bee020df4bdf31fc593bcea9c01b11384aa94dd33e353fe7a8,0x5fc6b4e217b58945152bc462cceadb582185e68362e8fd51275f7316dd95108c,1042,true,true,
0,7,livereg-2026-09-01T01-38-58-803Z-0-subject_mismatch-7,subject_mismatch,ANCHORED,UNSATISFIED,511.178,47,464.178,0.003,452.306,0,6,16185,0x0a5dbd1599ac3f32bb5e379349b6655ceb6cb63db95040e879f97e26536e818f,0x138f9b1a857b6301fcb0742f6a08e544936fb664621701311e355d6ee0aee7ad,1043,true,true,
0,8,livereg-2026-09-01T01-38-58-803Z-0-subject_mismatch-8,subject_mismatch,ANCHORED,UNSATISFIED,500.387,65,435.387,0.004,427.038,0,6,16077,0xcfa3dbaa8c47c6af588751ff9234b43788773c95d48e13d7ca33e2dd00de8991,0x36f49995bda8eb01c5bc3bcd750b7f04db07f042f2a1cabdbed7b9dc6d862ca2,1044,true,true,
0,9,livereg-2026-09-01T01-38-58-803Z-0-subject_mismatch-9,subject_mismatch,ANCHORED,UNSATISFIED,595.832,48,547.832,0.003,540.97,0,6,16185,0x3206433104298dcb0a6136923a82d0252d22e6b7125f000837901578d282e856,0x3fe2bb7251e76cce1b71adbdb6d75c480ab5bcaa9fb001e5b0771a58825bd1fe,1045,true,true,
0,0,livereg-2026-09-01T01-38-58-803Z-0-missing_disclosure-0,missing_disclosure,INSUFFICIENT_EVIDENCE,INSUFFICIENT,416.436,65,351.436,0.008,342.075,0,5,14206,0x60669b46c3d9118c38e64e7a4bbf877ccc3202af43aa58105ba727f60d60835c,0x29f7b2eeee949537d54b72e78762c2592524aa15ff85273bea8d11ebe7ffb25b,1046,true,true,
0,1,livereg-2026-09-01T01-38-58-803Z-0-missing_disclosure-1,missing_disclosure,INSUFFICIENT_EVIDENCE,INSUFFICIENT,501.865,53,448.865,0.007,439.43,0,5,14206,0x1154a213b2d9f8e2e20b5550e790177283aaf3940286ffa34684982b7ce9094a,0xbafdb8a822ee9394e1177f13610c75ff2da8b8cef831247aae21e9a198b226ee,1047,true,true,
0,2,livereg-2026-09-01T01-38-58-803Z-0-missing_disclosure-2,missing_disclosure,INSUFFICIENT_EVIDENCE,INSUFFICIENT,511.306,58,453.306,0.003,447.468,0,5,14206,0xbbb588d5ec5b4b85aaae4635100f341110d1b46dffa59d50e534cc5f98c5a937,0x05b6ca6aa97dbc7efc8ca55bff36ac7ad68f54f97ffec9da64e2691faf8d4f4b,1048,true,true,
0,3,livereg-2026-09-01T01-38-58-803Z-0-missing_disclosure-3,missing_disclosure,INSUFFICIENT_EVIDENCE,INSUFFICIENT,502.312,39,463.312,0.006,457.512,0,5,14206,0xef8be51cc3161b13584714cdff861345add87a38f25878f38d85dac9d170cdb7,0x98709df335e49dc4d4bd827b0953fb49256bfb0aeda9ccab015cdedec1494dbe,1049,true,true,
0,4,livereg-2026-09-01T01-38-58-803Z-0-missing_disclosure-4,missing_disclosure,INSUFFICIENT_EVIDENCE,INSUFFICIENT,509.92,47,462.92,0.003,448.929,0,5,14206,0x0b960398a05342094e19418accbfbca0d389f7d734234d4c47f3a25de9ed7569,0x37a3fcbf881c1b25c9065575597113f4e8c4ab2ee15f131def81f5ddf89b2342,1050,true,true,
0,5,livereg-2026-09-01T01-38-58-803Z-0-missing_disclosure-5,missing_disclosure,INSUFFICIENT_EVIDENCE,INSUFFICIENT,499.509,55,444.509,0.005,434.577,0,5,14206,0xa989008572078b88039c8dae9c1115f9cd15dd12bbe230428795e44d62034371,0xc5d7c0736344e02d2f9df26ecf7c8ec09f4ae585fa77c6f4c7ac5a36fe1afe51,1051,true,true,
0,6,livereg-2026-09-01T01-38-58-803Z-0-missing_disclosure-6,missing_disclosure,INSUFFICIENT_EVIDENCE,INSUFFICIENT,514.003,42,472.003,0.008,463.065,0,5,14206,0xcfbb2a69539c7b5fe0b775b6158cb73864218b7ac6bd69ec2df28a4f4beb04a4,0x91829f9f3a81419fc0da538bd53e6b2d4b05be6636ed723434569ba5787bf108,1052,true,true,
0,7,livereg-2026-09-01T01-38-58-803Z-0-missing_disclosure-7,missing_disclosure,INSUFFICIENT_EVIDENCE,INSUFFICIENT,499.14,51,448.14,0.003,437.179,0,5,14206,0x38cd63a8e8cf521d4eaa78ab141686d38b423fdb96d23394542dfe2767574968,0x4439c9425d018c2acac0e0c3edc459a1a2289b5b58cd876e1571c66b6631ce63,1053,true,true,
0,8,livereg-2026-09-01T01-38-58-803Z-0-missing_disclosure-8,missing_disclosure,INSUFFICIENT_EVIDENCE,INSUFFICIENT,616.463,47,569.463,0.008,560.359,0,5,14206,0x5eaec8b1cf6e9b81ff8770b628236d127ba42ec771819ddc189b678ad3c54aba,0x50782b6fee8a1ddad21723b72e7a2a264816467c109a16472973f0c718bd1b91,1054,true,true,
0,9,livereg-2026-09-01T01-38-58-803Z-0-missing_disclosure-9,missing_disclosure,INSUFFICIENT_EVIDENCE,INSUFFICIENT,626.45,53,573.45,0.004,565.185,0,5,14206,0x8360fc1b328fe262868da7fa6f5a6efe88f228f36d4c8cb5b145541ac05a84b2,0x1b857578d6f61de61b4e4903b4ded2673e1507271edeb7abaad2ad4b2bd0ff66,1055,true,true,
0,0,livereg-2026-09-01T01-38-58-803Z-0-endpoint_retry-0,endpoint_retry,ANCHORED,SATISFIED,510.687,55,455.687,0.043,444.136,1,7,16610,0x74124b136fa48b5b58690590f8fe62f62066eb813faf3971ea395f40fa822a35,0x26b23ba99f0d22c648d5096fd06db33ac93be6d8f103d50a8b41e238cec56e11,1056,true,true,
0,1,livereg-2026-09-01T01-38-58-803Z-0-endpoint_retry-1,endpoint_retry,ANCHORED,SATISFIED,494.249,58,436.249,0.005,429.598,1,7,16611,0x030c8b7d2531fefc4a056c23572009b5e4d5cd5efce26b6ee2d21dbdf2c99d81,0x1aafc60c8a82fda9c49eb6bde7b194ed8d4e413ca8971f4bcb170b671f57988d,1057,true,true,
0,2,livereg-2026-09-01T01-38-58-803Z-0-endpoint_retry-2,endpoint_retry,ANCHORED,SATISFIED,511.743,50,461.743,0.005,450.508,1,7,16610,0x1708baf4d7fb5ccfcae9721c6a1fcb9f0d66e731420e77743df37b4a33e7011d,0x7c3fa89794688483e3d537ff7dff643d1d90c111ea6261b3635453146e7c230d,1058,true,true,
0,3,livereg-2026-09-01T01-38-58-803Z-0-endpoint_retry-3,endpoint_retry,ANCHORED,SATISFIED,501.62,57,444.62,0.008,434.081,1,7,16610,0x12a01a6c30240916960b6d86ff018a52d40c522ce488df9bfa7be6d766814a50,0x3a21970a49dbfcbda9db97127f5e1d95bb07cb2d27657b2981730d98961c87b1,1059,true,true,
0,4,livereg-2026-09-01T01-38-58-803Z-0-endpoint_retry-4,endpoint_retry,ANCHORED,SATISFIED,504.853,50,454.853,0.004,448.516,1,7,16611,0xa5eb1b7fa040447daffdbd86d86973a928b4a737dc2633b55a1207d718d84d0c,0x60bb1311f7627d1c4e1b35358808070b7d313cf4f81ed4871127e55fd5c5f080,1060,true,true,
0,5,livereg-2026-09-01T01-38-58-803Z-0-endpoint_retry-5,endpoint_retry,ANCHORED,SATISFIED,503.775,63,440.775,0.012,431.679,1,7,16610,0xea5150243347c079e8ae30e351b1782e9438d1239712e441c2e8a6289a88798d,0x3a61249fd3b46167fec330bc8a88106798506752b76fd8df1db2969ef786f147,1061,true,true,
0,6,livereg-2026-09-01T01-38-58-803Z-0-endpoint_retry-6,endpoint_retry,ANCHORED,SATISFIED,509.924,88,421.924,0.005,412.166,1,7,16610,0x7284fe72481328640fb9bbe5d0cc72d4982d8da9efd92e431bf2cfdaeddf0450,0xb067f19870476f90d0c13744fe361a2cd420a74864e12c687b8cb8ed73645eb2,1062,true,true,
0,7,livereg-2026-09-01T01-38-58-803Z-0-endpoint_retry-7,endpoint_retry,ANCHORED,SATISFIED,493.947,52,441.947,0.006,433.155,1,7,16610,0xf67c5fd499f4ac639f5f8244ecbd1b138020d328e6f89ad8081fb14217583d30,0x577ce09b092b5bc1f411b77dfd1651e4721f2f430c7426ae4a07559214342a1f,1063,true,true,
0,8,livereg-2026-09-01T01-38-58-803Z-0-endpoint_retry-8,endpoint_retry,ANCHORED,SATISFIED,499.92,43,456.92,0.003,450.608,1,7,16610,0xf241b205e80c62bf5c8a27d408b74f605748e9efc5b4f50188eb671bacb86ba3,0x756fd3e1d7f4f0c393f2b449aa3744e42ad676fd7712077a9aedd704b4cf0be9,1064,true,true,
0,9,livereg-2026-09-01T01-38-58-803Z-0-endpoint_retry-9,endpoint_retry,ANCHORED,SATISFIED,556.922,47,509.922,0.003,501.2,1,7,16502,0x24bd3cfa2c716d0e3e6f92c18d71fc77b228eeb4648ee197bb3795e7666cf7a1,0xbd028b658224139be57e41d8f950aa0d736e0504a4764833e71344e002875ea4,1065,true,true,
1,0,livereg-2026-09-01T01-38-58-803Z-1-normal-0,normal,ANCHORED,SATISFIED,505.138,45,460.138,0.004,451.251,0,6,15905,0xcc369ae7ff86d185985f7f2ab40f5ce809ed23d57bb8ecce0f158922ad530857,0x75824594afe4f2029ee54b82b8416e17834dd90d67563137fbf4ea406906c852,1066,true,true,
1,1,livereg-2026-09-01T01-38-58-803Z-1-normal-1,normal,ANCHORED,SATISFIED,603.968,41,562.968,0.005,556.491,0,6,16013,0x47f42525cc9435e6e444a966d401c0ad301095f1fa944fd7b62d311761541905,0xa8cd57ce9e0e490745a1a12b4998fdb3d06b8062c918b99c5cc7bbec3949dd2a,1067,true,true,
1,2,livereg-2026-09-01T01-38-58-803Z-1-normal-2,normal,ANCHORED,SATISFIED,506.541,38,468.541,0.003,460.576,0,6,16013,0x30ce44421bb00a8d9c414f4d954080448e2594dd74c007232cfd7ada11384f1f,0x497f1da471e4f3f89bf3ef0c55cdec6894ac23237de269e82f7a748738207363,1068,true,true,
1,3,livereg-2026-09-01T01-38-58-803Z-1-normal-3,normal,ANCHORED,SATISFIED,556.919,50,506.919,0.005,500.516,0,6,16013,0x8f75b2359b63d93f36bc0d5cd4e08a095e16047f482a5e2c010e8b0f446e2776,0x8fa7afbc8802a6b34ad3c86cf7f4d39beb0fed4755715161ca2c18fd1756f380,1069,true,true,
1,4,livereg-2026-09-01T01-38-58-803Z-1-normal-4,normal,ANCHORED,SATISFIED,473.835,49,424.835,0.008,417.226,0,6,16014,0xfa6ed4b8510fc7b9c0a4c0a477323550d49a449c5b8c5eb6949295998097dc02,0xcd44b09e90b2eb9b2f87dd017995d53080163e893d351c9dcaf1fd8dd1a21de8,1070,true,true,
1,5,livereg-2026-09-01T01-38-58-803Z-1-normal-5,normal,ANCHORED,SATISFIED,504.557,44,460.557,0.004,453.702,0,6,15905,0x6cbee9d404fae7633261e811d25f2c19a4c1076d5bf2bd7a59857a3d0f2cb20a,0xd6820da0456d2bf76a59e850e0edc75ef95a39265c26e0e8ef641ac606bcdb77,1071,true,true,
1,6,livereg-2026-09-01T01-38-58-803Z-1-normal-6,normal,ANCHORED,SATISFIED,510.809,41,469.809,0.005,461.263,0,6,16014,0xa90d30192429c98d60df0e2ae2eaba4721bc754b3eb023ca8fc5be33b8e14683,0x665fc7405e1ac165ed9f9eb864c78138427057c18968a9ba3c927bf93f6762cd,1072,true,true,
1,7,livereg-2026-09-01T01-38-58-803Z-1-normal-7,normal,ANCHORED,SATISFIED,501.596,43,458.596,0.004,452.788,0,6,16013,0x68ab6ab602ceea48de37eb7f9cdadb01310f125d5d62b7f8a4be93f9fbee8b0c,0x71bc7d9e18d3451423a4bf3c07ebab5a15b212815fe06f81acf466d446f79eed,1073,true,true,
1,8,livereg-2026-09-01T01-38-58-803Z-1-normal-8,normal,ANCHORED,SATISFIED,548.241,49,499.241,0.004,493.204,0,6,15905,0xe9adb180386736636a6c82178ae7201a7bd709b4e65b16f10ed2a6fe77e52028,0xb3d3cc2d409176cc8e783b0763a516ea9862edf6354504fc9f2ebe587dfb0478,1074,true,true,
1,9,livereg-2026-09-01T01-38-58-803Z-1-normal-9,normal,ANCHORED,SATISFIED,506.257,51,455.257,0.003,447.288,0,6,16014,0xe32f6ce76425048395da0067dbdf41c5f8ce0c540e346ec875ff3569c2d0a0e3,0xa5f115451f20c85ad890ccb4786e87ee483b039686406a71ff04dac54035d6fd,1075,true,true,
1,0,livereg-2026-09-01T01-38-58-803Z-1-over_limit-0,over_limit,ANCHORED,UNSATISFIED,533.316,51,482.316,0.01,474.262,0,6,16084,0x0f9f7ba0405fc75126d9b0d002bfa134840dd7e4e0348a9c18ba44dfefbb105d,0x14685eb1cbdf03a0b3d1c54884e09c211f5012f45380f8766216630824b37b69,1076,true,true,
1,1,livereg-2026-09-01T01-38-58-803Z-1-over_limit-1,over_limit,ANCHORED,UNSATISFIED,504.77,53,451.77,0.006,442.085,0,6,15975,0x032abc8e3eb18179403e2631c7e593fec8578d540a686e7eb7ecb18a636b9aa0,0x6938e9359985bbab9eee8e4c68b32047859fd3a351a5280df39f7fe2e5500636,1077,true,true,
1,2,livereg-2026-09-01T01-38-58-803Z-1-over_limit-2,over_limit,ANCHORED,UNSATISFIED,532.591,51,481.591,0.004,472.797,0,6,15975,0x9cb159a69ab14050d161cc7db75d4c1b383b48206a52d1633b8924cf8f4b56c0,0x41a1fb6ecfb41c395b3f065c033037c8e5d52cce76da623c04bb0544ddd6fbf4,1078,true,true,
1,3,livereg-2026-09-01T01-38-58-803Z-1-over_limit-3,over_limit,ANCHORED,UNSATISFIED,498.285,48,450.285,0.008,442.051,0,6,15975,0x15397c1b2244194e243c4fea5119589082c0551b633ae84c583c124b76943b36,0x0d095e2eb4959493c6fb222cb20ec5aa88d6b9f1c3e4340718dc429bcc286f0f,1079,true,true,
1,4,livereg-2026-09-01T01-38-58-803Z-1-over_limit-4,over_limit,ANCHORED,UNSATISFIED,503.573,39,464.573,0.003,458.073,0,6,16084,0x82cdad2f7d17e6bfa7d176796ad7a336e45cc2d03a6d6185068c088dfcd221a7,0xacffea5caf7eb4d51bddaa611cb569525e552c2b1c4c588fe8588e9490d18fe2,1080,true,true,
1,5,livereg-2026-09-01T01-38-58-803Z-1-over_limit-5,over_limit,ANCHORED,UNSATISFIED,536.474,39,497.474,0.009,491.258,0,6,16083,0xcd549fe8156595be2f3740ae5a7ecfbe3f823f42fa34344c10c27e7089ec47a6,0x1cea82bc6d2ae76ae3b16b21f2cb514662d07f290dfaf45338bdd4843e9ea757,1081,true,true,
1,6,livereg-2026-09-01T01-38-58-803Z-1-over_limit-6,over_limit,ANCHORED,UNSATISFIED,511.548,44,467.548,0.004,461.072,0,6,15975,0x24e44143e1f314657c411f8c1a3446d3022e2523845c81ced978b42d349fdb71,0x7c1b75c4b51a28dd6b9a1bb14c6d84be7ad7909fe184d8df8ee5c766e79ff0fa,1082,true,true,
1,7,livereg-2026-09-01T01-38-58-803Z-1-over_limit-7,over_limit,ANCHORED,UNSATISFIED,495.393,46,449.393,0.004,443.304,0,6,16083,0x6d6ce5c8647bba3fa6fbd74adc8f30a750245de270a5a57be863ce8c76beb13b,0xaab34c0534062dbbe7b7498214a5d4b5487138caa312c32f352097dd50c27179,1083,true,true,
1,8,livereg-2026-09-01T01-38-58-803Z-1-over_limit-8,over_limit,ANCHORED,UNSATISFIED,509.559,39,470.559,0.004,462.611,0,6,16084,0x3a537498944e15e39ba849a914eb2458e4536c0c1a347c31fe0051046f7fd15a,0x11655804626bedb95601dc71f5c0015e4dec4d4d3c314fca4e32d1ff7b1dfccb,1084,true,true,
1,9,livereg-2026-09-01T01-38-58-803Z-1-over_limit-9,over_limit,ANCHORED,UNSATISFIED,511.227,48,463.227,0.009,453.482,0,6,16083,0xe88aba251f6052d6199c9a103bd864abe13f0fcd82856322cdf922e0812c3008,0x0b62faa1c6e2dfd7d21c668dba1d16145b222ae318f066e61bf692b259cf79ee,1085,true,true,
1,0,livereg-2026-09-01T01-38-58-803Z-1-subject_mismatch-0,subject_mismatch,ANCHORED,UNSATISFIED,498.322,56,442.322,0.004,434.782,0,6,16077,0xff382dd84279a79dc2f3b56d455c53ef7d0cd71a94d9c4ef73daefc810702bec,0x4bb885136318cbb67b83d10622e81092d60b8cfbb75cd5260b6f3ed1a26e8ac3,1086,true,true,
1,1,livereg-2026-09-01T01-38-58-803Z-1-subject_mismatch-1,subject_mismatch,ANCHORED,UNSATISFIED,506.946,46,460.946,0.003,451.157,0,6,16077,0x7a4fd6e026b687030681edb18f7d88e62bcc86c302f8214e10cad56655f758cf,0x514b281957901c9eed7db2b574f7370c1dc37f6fc92861009209c92e75b749e9,1087,true,true,
1,2,livereg-2026-09-01T01-38-58-803Z-1-subject_mismatch-2,subject_mismatch,ANCHORED,UNSATISFIED,510.31,52,458.31,0.005,449.698,0,6,16185,0x18f824886432716b3c8908885c780cf70829abfb8df18221714be3fb6ee26896,0x007b4fbe01eeecf25bc92493dde534d94f29ce02315967aa0552a5e0db11d4af,1088,true,true,
1,3,livereg-2026-09-01T01-38-58-803Z-1-subject_mismatch-3,subject_mismatch,ANCHORED,UNSATISFIED,512.283,73,439.283,0.005,428.459,0,6,16077,0x1fff409a8abdc8b6ae68452bd0ce708e20a53208fa08c6bcb502eb83f3b2c2b8,0x54d27a4f4e4506df97fa12186586ee782aed4f47ae77dfec26a3686b804809dd,1089,true,true,
1,4,livereg-2026-09-01T01-38-58-803Z-1-subject_mismatch-4,subject_mismatch,ANCHORED,UNSATISFIED,501.328,52,449.328,0.006,440.948,0,6,16185,0xeba10bc4cef0422a4ab9a1a546977ad1288c65556141c39971f9e0f2f82e0dfd,0x6e8a447b26a38b8f71c3b29ba4dc8adf4fc7937a398d020ea78b92399f466531,1090,true,true,
1,5,livereg-2026-09-01T01-38-58-803Z-1-subject_mismatch-5,subject_mismatch,ANCHORED,UNSATISFIED,504.673,37,467.673,0.003,460.057,0,6,16077,0xa6e9117e45585d26a935d21ef6dede7448352cfa5a865273afef8e77a2f9bdfd,0xbbda82302c831dcdeaafeb7b6133688f9fae51f6cc4b875b0aa81fe5c858539f,1091,true,true,
1,6,livereg-2026-09-01T01-38-58-803Z-1-subject_mismatch-6,subject_mismatch,ANCHORED,UNSATISFIED,564.724,40,524.724,0.006,460.52,0,6,16185,0x2e7e26e7366422857340de04bd6e9ca384a16c549be14da732c49c05dfcf911c,0x67b5cd5a8d870a4529ffec6df3787ededd20f4f6bb8189728be22ebe09d4dfdd,1092,true,true,
1,7,livereg-2026-09-01T01-38-58-803Z-1-subject_mismatch-7,subject_mismatch,ANCHORED,UNSATISFIED,423.307,47,376.307,0.007,368.451,0,6,16185,0x76da5944c9cb4f2a3b516fa19744d47330fd22b4292cc03075a9b0179dc9d38e,0xbc361660b6e78b7fb3e1124e5964a1809c333b679ea7758f56cd4ba71ba8435e,1093,true,true,
1,8,livereg-2026-09-01T01-38-58-803Z-1-subject_mismatch-8,subject_mismatch,ANCHORED,UNSATISFIED,510.752,43,467.752,0.003,461.416,0,6,16185,0x4aca180fcd7cc5cd004480a6dd0bcccf8565bb5f9d235ab0f1a88463749438c0,0xa4d82f3d771c06aabd041bd5255486397564913519d7ed2171b52ac6a5856710,1094,true,true,
1,9,livereg-2026-09-01T01-38-58-803Z-1-subject_mismatch-9,subject_mismatch,ANCHORED,UNSATISFIED,497.86,46,451.86,0.004,446.1,0,6,16077,0xd2aa90e4990ffc03bc38de0d5066ac0eaa90fd47e48a8fc3f4c5542732438f99,0xf4489b0baed9843984bebcb527aeeefb0932e833e9607aab5d0ba572b75e92a6,1095,true,true,
1,0,livereg-2026-09-01T01-38-58-803Z-1-missing_disclosure-0,missing_disclosure,INSUFFICIENT_EVIDENCE,INSUFFICIENT,507.496,44,463.496,0.003,454.995,0,5,14206,0xa50b86d86509065cc380a042925ae155e73b831f8f8a05fa238162eeac971f28,0x932c00f355f20aa7bfc3b36e7a4606af48592dbc893baff71d43e9d7d2c668da,1096,true,true,
1,1,livereg-2026-09-01T01-38-58-803Z-1-missing_disclosure-1,missing_disclosure,INSUFFICIENT_EVIDENCE,INSUFFICIENT,503.885,43,460.885,0.002,454.192,0,5,14206,0xdb269715e0036fcb7135a82fc17b3bcb39bbc2608b870d677e05ee06314c3622,0x9eb5cbef1f36f9b0f7d0d3c0930ad0b3aa0731e411304324e2b5b9ed6224cc1d,1097,true,true,
1,2,livereg-2026-09-01T01-38-58-803Z-1-missing_disclosure-2,missing_disclosure,INSUFFICIENT_EVIDENCE,INSUFFICIENT,571.372,53,518.372,0.006,511.064,0,5,14206,0x235c4da5e3b918a9a7487bbdaf3bd7d610964a5b408c4bfa062c0624ee037efa,0x1dd4f145ba1aa0988d2545f03a4b6ac1b879fc695c3813cecb2af21a344bf3c8,1098,true,true,
1,3,livereg-2026-09-01T01-38-58-803Z-1-missing_disclosure-3,missing_disclosure,INSUFFICIENT_EVIDENCE,INSUFFICIENT,526.093,53,473.093,0.005,458.96,0,5,14206,0xf41767e4c45a1d737eab4667b503414fd3bcb0992667c5de73fb4c850c2fdbe2,0x10b636049441c198cd48d09785019b7375fbcd4affd5ba6f5a3468f214ebadb3,1099,true,true,
1,4,livereg-2026-09-01T01-38-58-803Z-1-missing_disclosure-4,missing_disclosure,INSUFFICIENT_EVIDENCE,INSUFFICIENT,487.082,53,434.082,0.009,427.71,0,5,14206,0xe166003433818277487db1277b99aa5576596385ac0efbf6ada77c1e8d9487c4,0xde129f37082fcc14bcdc3dcd0abfc7f46960f8144bd88d605eed0c32cbbd70d0,1100,true,true,
1,5,livereg-2026-09-01T01-38-58-803Z-1-missing_disclosure-5,missing_disclosure,INSUFFICIENT_EVIDENCE,INSUFFICIENT,519.138,44,475.138,0.003,465.157,0,5,14206,0x050a39705a49ed15cbdb6688dc0e4cd6da47c839eed6d69022f9259c7db904f6,0xa6678ff7f795b6651e25ba41cc40ab63b4038541377a46d2b95a06de65a9f973,1101,true,true,
1,6,livereg-2026-09-01T01-38-58-803Z-1-missing_disclosure-6,missing_disclosure,INSUFFICIENT_EVIDENCE,INSUFFICIENT,495.943,50,445.943,0.004,438.583,0,5,14206,0xaa1ee4900e264dd61f12c008467d2c47db5e1434f2911db2fe1fd9418ec1e69e,0xae591fa4f73874ca1f9631fddc14a0cd57bceeb5abfada255b7ff2c856cce083,1102,true,true,
1,7,livereg-2026-09-01T01-38-58-803Z-1-missing_disclosure-7,missing_disclosure,INSUFFICIENT_EVIDENCE,INSUFFICIENT,535.796,51,484.796,0.009,472.226,0,5,14206,0xb6010d8da091bf48fe7caf8a36e5e46487766e7b01cd93a59eff85fce6fee2d5,0x71242e720d7dfe379854f54b6a15a17d811cc21701a4d39f3e55186d4741c1e5,1103,true,true,
1,8,livereg-2026-09-01T01-38-58-803Z-1-missing_disclosure-8,missing_disclosure,INSUFFICIENT_EVIDENCE,INSUFFICIENT,496.551,71,425.551,0.008,415.68,0,5,14206,0x56f18fdbdca7e728c92563ce25cc2e22f3db41314dbb988e37774ddca10236ed,0xf6b882a59b2674e5cea61ec6830bd3f3bf830f8181da54d37b8e9b6e68d98474,1104,true,true,
1,9,livereg-2026-09-01T01-38-58-803Z-1-missing_disclosure-9,missing_disclosure,INSUFFICIENT_EVIDENCE,INSUFFICIENT,592.171,60,532.171,0.005,525.05,0,5,14206,0x37a8455f311ef1aaa4ebf8abc8a59eb0244077c79c94572c25a40eab38ad1894,0x6f768b8e36d9d43f695e19cf016ae2ecbf698b74f8b95626094817ad966c6131,1105,true,true,
1,0,livereg-2026-09-01T01-38-58-803Z-1-endpoint_retry-0,endpoint_retry,ANCHORED,SATISFIED,416.264,55,361.264,0.011,351.959,1,7,16610,0xf26afee3578d47f968cd621a2b2abf5b2ed48d342225eb783d5231a8e49c4435,0x805be3857c2984b9755c02711cfc2cf7153a78f8850736766a48f7bc575ede4c,1106,true,true,
1,1,livereg-2026-09-01T01-38-58-803Z-1-endpoint_retry-1,endpoint_retry,ANCHORED,SATISFIED,524.283,52,472.283,0.008,462.565,1,7,16610,0x360fd79727b8a067c23c641b65afcdfe5a95cf637cdb43d83c145b5255b007fe,0x8f1cc149ed281a586a47c20b1d6e1e6d41dc4e4fb4efde345eb9d7c64bde816f,1107,true,true,
1,2,livereg-2026-09-01T01-38-58-803Z-1-endpoint_retry-2,endpoint_retry,ANCHORED,SATISFIED,508.231,49,459.231,0.008,451.095,1,7,16610,0x7904370e1d4d4ebba0ac327cc85c12edd01a237c17e023d4f6a62dfa1853f374,0x3043083d1bebb5a4196ef910f925f9cb897d611c3567fb36cafc0487ab180c84,1108,true,true,
1,3,livereg-2026-09-01T01-38-58-803Z-1-endpoint_retry-3,endpoint_retry,ANCHORED,SATISFIED,531.174,51,480.174,0.007,472.116,1,7,16611,0xdcfd785ac06feabf027aadb250a99d517c16cd4f3eac90dbdffd442f22519846,0x7d41980a5b7ace460e0d3bdbea2677a3159eaca9a19c23c37c98057d8639488a,1109,true,true,
1,4,livereg-2026-09-01T01-38-58-803Z-1-endpoint_retry-4,endpoint_retry,ANCHORED,SATISFIED,510.958,51,459.958,0.003,452.478,1,7,16610,0x42f1f8d1ed2bf26c96e6430144d588eff107825d1011671b9266c508b4d8ce02,0x2e1f9789af75353db88f09fcbe2c514173396361e3c3f920565265abcc016fdd,1110,true,true,
1,5,livereg-2026-09-01T01-38-58-803Z-1-endpoint_retry-5,endpoint_retry,ANCHORED,SATISFIED,500.347,39,461.347,0.004,454.414,1,7,16502,0xffb94cf1a6712171c19166c710e9dbfb0d8b5bf1eae35fab05828c6a64899fc5,0xa9453569ef0989a801ce43832e468822b8e4c6596ba153cfb52cbae7807f3f85,1111,true,true,
1,6,livereg-2026-09-01T01-38-58-803Z-1-endpoint_retry-6,endpoint_retry,ANCHORED,SATISFIED,502.798,50,452.798,0.009,445.117,1,7,16610,0x7752786f1d08161a6e27bf51d5436a9e0fe206c062fa89c33d1bcfc6b1e2fb9c,0xa06ba17d27a991584c0e93bc55ce1c8d8b974576c3af11f3bd3a02df7acaee5b,1112,true,true,
1,7,livereg-2026-09-01T01-38-58-803Z-1-endpoint_retry-7,endpoint_retry,ANCHORED,SATISFIED,514.797,56,458.797,0.007,448.287,1,7,16610,0xd53f94f5f336615d9ce296456bf59b7ee452b47ee505108fb305541f85f74525,0x798632d127b95b472537979620700f218c9b25a3672d14d76474e24150a3568d,1113,true,true,
1,8,livereg-2026-09-01T01-38-58-803Z-1-endpoint_retry-8,endpoint_retry,ANCHORED,SATISFIED,498.705,67,431.705,0.007,420.127,1,7,16610,0x6ad7ae594ee639fed769eaaef71d491fa3a2b0654e80a01a62f8fb1dd411e29d,0x14689a730a17c235431b0834690e4371fa8dad166abaf2a140498b1d965c07d5,1114,true,true,
1,9,livereg-2026-09-01T01-38-58-803Z-1-endpoint_retry-9,endpoint_retry,ANCHORED,SATISFIED,499.733,61,438.733,0.012,430.809,1,7,16610,0x25d6032ae615bc527b786939df13c21791e282ecebe34d7c18d0c7e259a319b2,0xb9cc3182a928bd7ce958f380ba86837989fde67b6689c3e35666a147fcffb8ba,1115,true,true,
2,0,livereg-2026-09-01T01-38-58-803Z-2-normal-0,normal,ANCHORED,SATISFIED,510.566,51,459.566,0.02,448.625,0,6,16014,0xd1b83b79ba4060c61ed1741e6d201334e019e53189da1081670425b23dad48df,0xfe0e7501162b266679d53e41926e9d72b6288aa9720f4faf2593922b043dbca4,1116,true,true,
2,1,livereg-2026-09-01T01-38-58-803Z-2-normal-1,normal,ANCHORED,SATISFIED,595.125,41,554.125,0.005,539.877,0,6,16013,0xd06ae22172cede6146e05b5b6a513e3a941bc784755abccb697650d0d5802d98,0x8dfd26da847d5d7d5c9e970cdf1f5559fbac1eed60b50e351de621280b5d9318,1117,true,true,
2,2,livereg-2026-09-01T01-38-58-803Z-2-normal-2,normal,ANCHORED,SATISFIED,512.696,136,376.696,0.009,366.473,0,6,15905,0x61a225214174a50916f9ca447979be2ab43d25b6fc2500b0671892e780d161ca,0xdfd8e98af879a960e7ac8ce0e46ab5c5a001c18aa8e063fb15322083e3eee038,1118,true,true,
2,3,livereg-2026-09-01T01-38-58-803Z-2-normal-3,normal,ANCHORED,SATISFIED,551.182,50,501.182,0.051,482.272,0,6,15905,0x3c7a57108686a8888e7f164c391b2b5251d264a9425e826a38157f13ec610209,0x80f627807ece29eb8f9013479e14dcf136464837ce40d219d6e4ce1b1b8017dd,1119,true,true,
2,4,livereg-2026-09-01T01-38-58-803Z-2-normal-4,normal,ANCHORED,SATISFIED,482.508,158,324.508,0.008,316.7,0,6,16014,0xb7cb5ae23ebd5cf03a2ffe1db889e56657d00ea8e3849f3607bddb95716856d2,0xfc57a12fb03338d4fa59f3403cce5eda7ee1598fc32990d752d5d7fbc6f59bc5,1120,true,true,
2,5,livereg-2026-09-01T01-38-58-803Z-2-normal-5,normal,ANCHORED,SATISFIED,505.388,49,456.388,0.003,449.301,0,6,16013,0xe003e1db578a1a8464c09694b6a3201294ee5018cb47c11c3f8bb3db9f3cce00,0x8d313b4925039f5cc5288aabfcf5f633f6be79369d5d1d22f3978aedbd1d46aa,1121,true,true,
2,6,livereg-2026-09-01T01-38-58-803Z-2-normal-6,normal,ANCHORED,SATISFIED,520.208,89,431.208,0.064,419.738,0,6,16013,0x8bf7db368d1c0ee39b5a2107a8e1b895ddbf24ead1985f18b6b2c72ec254fd8c,0x094b5a9fbf69744630072c097a2bbd49e43e50c9ad290938a880e3597bb35ab3,1122,true,true,
2,7,livereg-2026-09-01T01-38-58-803Z-2-normal-7,normal,ANCHORED,SATISFIED,516.88,101,415.88,0.007,405.932,0,6,16013,0xc2bd75128baa0cac5917bb5a89c12daef56c7beb93ae94bf68653b120d032bd9,0x7ad649d50518f8b67c4f42951465ac37ef99ef92e7049a4d6abb256aa7ee0d0f,1123,true,true,
2,8,livereg-2026-09-01T01-38-58-803Z-2-normal-8,normal,ANCHORED,SATISFIED,491.922,53,438.922,0.007,430.008,0,6,15905,0x0ab5a073fc1c7c9357a5270bc039541bf1b1352d69f7b6bfef4ea4be83e3d09f,0x435a3e84411d3beac5d9cd36710d5843970ff0ef1d2ae485749be93b8793501f,1124,true,true,
2,9,livereg-2026-09-01T01-38-58-803Z-2-normal-9,normal,ANCHORED,SATISFIED,612.745,60,552.745,0.009,540.827,0,6,15905,0x749dfc7ac88629ae9f011fcc4c51eadbe6a7d751103ec3a04778ba45873c1580,0x54ce8f28a02bb7bd87b3ba7b3452ecf1eff05f806cfde535f2b7577c37c1662f,1125,true,true,
2,0,livereg-2026-09-01T01-38-58-803Z-2-over_limit-0,over_limit,ANCHORED,UNSATISFIED,402.527,49,353.527,0.004,343.514,0,6,15975,0x0a5ae138083de08a9d8037b6011a08e15d29ce03c1e44f9431f033fcd92cc492,0xe6ec6b795b309d391f1e712e836a2965ac7b8e91db2a024a7dfd1557e4bfc2aa,1126,true,true,
2,1,livereg-2026-09-01T01-38-58-803Z-2-over_limit-1,over_limit,ANCHORED,UNSATISFIED,543.963,85,458.963,0.008,439.363,0,6,16084,0x79b4f98a5e06d40ad56daf6b6724364f53a0dbff067ea9540797010dbf35c82d,0xe7e186ef3332eb4ca410297e66ee81499a77f3263b8a64b74929fc3380a41bca,1127,true,true,
2,2,livereg-2026-09-01T01-38-58-803Z-2-over_limit-2,over_limit,ANCHORED,UNSATISFIED,485.173,62,423.173,0.019,416.141,0,6,15975,0x7c72459fd6aa15bcb7860e803b7eaec91b3b68f7d9d05a6ba33f875558c84f60,0x332d7a70e31e5f0ff33abfa7626e9b4faee35b0efab19484a178ac3f8536600d,1128,true,true,
2,3,livereg-2026-09-01T01-38-58-803Z-2-over_limit-3,over_limit,ANCHORED,UNSATISFIED,503.598,55,448.598,0.005,439.398,0,6,15975,0x965eb7179a8a7aa478230ea2a2e4b6a127468543f9f0ba896fdfe4c8dc505e09,0x15dd61127a164a4167b73f7ecd8bcf9877e9b2f150c3dc7c26c05f22b13a9ffa,1129,true,true,
2,4,livereg-2026-09-01T01-38-58-803Z-2-over_limit-4,over_limit,ANCHORED,UNSATISFIED,504.697,104,400.697,0.005,392.389,0,6,16083,0x964493033c6b4d96faaa5d167531e5d3eccbb361349a73967364f42d8e151003,0xb1e36a083651ba9691595ab6dfb03e6b81b33540e36048f9c918eadcd8e963ab,1130,true,true,
2,5,livereg-2026-09-01T01-38-58-803Z-2-over_limit-5,over_limit,ANCHORED,UNSATISFIED,670.794,49,621.794,0.008,464.59,0,6,15975,0x0c1db04d5d6c8c90eec7b18cf21703f2563304eb97ab1a23c74b762677c8a414,0x57ccb71ed1dc1f6315c11d54ebc5b5dd3b09af7a337dca15b822eb3f854a9c27,1131,true,true,
2,6,livereg-2026-09-01T01-38-58-803Z-2-over_limit-6,over_limit,ANCHORED,UNSATISFIED,372.517,46,326.517,0.004,314.91,0,6,16083,0x9c1bb81085c9e77332aee86570924627a9bb7ea7d52e6d1e2ef1709ab958bcf0,0xa320d000ada741b4d531306966556f394e671310eb6a5afb0653f55d82f603bb,1132,true,true,
2,7,livereg-2026-09-01T01-38-58-803Z-2-over_limit-7,over_limit,ANCHORED,UNSATISFIED,488.276,141,347.276,0.004,340.246,0,6,16083,0x9c554788f5cef0b21cb6786905046c1dcfda3a9fd23b92f4938a87f2a83540c3,0xf035677fab6c39ad1f23b326c71bfc3527289df9d5732eebfb52daa268a73f22,1133,true,true,
2,8,livereg-2026-09-01T01-38-58-803Z-2-over_limit-8,over_limit,ANCHORED,UNSATISFIED,520.245,45,475.245,0.003,465.185,0,6,15975,0x7302647e3a19ef75d0d87a0aa6e6b91c1e746daa3ecc3601866e48b2a745bce2,0x1ff033e2fc5e33c10996b5b202b28bb679bf6c74190cb8d9303bcda215e0c948,1134,true,true,
2,9,livereg-2026-09-01T01-38-58-803Z-2-over_limit-9,over_limit,ANCHORED,UNSATISFIED,527.833,79,448.833,0.009,409.125,0,6,15975,0x0b7a930e6019a200da7a0aab53d64ce356cf4ec318cd3e921d29adaa8aa4882a,0x43659d38ef67723495413074fa004119f4c599942b67cc55338902a13a2f8737,1135,true,true,
2,0,livereg-2026-09-01T01-38-58-803Z-2-subject_mismatch-0,subject_mismatch,ANCHORED,UNSATISFIED,540.839,80,460.839,0.008,450.035,0,6,16077,0x8ba4777d68a0d510acc53aa6a7e6cc13e43cf52004bdcbaa8d5d703727d1317b,0x3ac121e5b22db4e6309e4c0f7ecc87d56087f65337a36df0ffc48a2355906b39,1136,true,true,
2,1,livereg-2026-09-01T01-38-58-803Z-2-subject_mismatch-1,subject_mismatch,ANCHORED,UNSATISFIED,462.016,82,380.016,0.006,371.293,0,6,16185,0x9d769d335652783fdae9e1571ec57fb0cf7ba2e236a80f3f613faa9d7419da8c,0x7db4852081875bc28517b5e79055fafcdff2d8ebc6b9b8bccff24894b331e1dd,1137,true,true,
2,2,livereg-2026-09-01T01-38-58-803Z-2-subject_mismatch-2,subject_mismatch,ANCHORED,UNSATISFIED,530.978,44,486.978,0.005,474.124,0,6,16077,0x9372844ab79077a575343e5f288caa4e85290301f81ca5b7b5d7c7ed0f2a3bc2,0x6a3b4af63232038bfb0ab69a9044d5a8f59bd737e1c2534ac79e410e35c1892d,1138,true,true,
2,3,livereg-2026-09-01T01-38-58-803Z-2-subject_mismatch-3,subject_mismatch,ANCHORED,UNSATISFIED,498.369,67,431.369,0.009,421.586,0,6,16077,0x46358807f157757cb516402c87d3b6c47785a7b42838c0961e51e13f1341d5b3,0x25e52628784e3396cc7a8c1096a0ade9b1a94f75e86e94940498a4b9e68f800a,1139,true,true,
2,4,livereg-2026-09-01T01-38-58-803Z-2-subject_mismatch-4,subject_mismatch,ANCHORED,UNSATISFIED,527.962,59,468.962,0.008,460.784,0,6,16185,0x06508e7f5c4d4caca057582d7376522093d5adf081720eb2b575dcec0fa3e92e,0x324083d83ff801edd5462d4a69f073f386557fdc0d5f10ed72fd57aec6480462,1140,true,true,
2,5,livereg-2026-09-01T01-38-58-803Z-2-subject_mismatch-5,subject_mismatch,ANCHORED,UNSATISFIED,489.13,57,432.13,0.008,419.948,0,6,16077,0x706c985880a5a3a3a009554decafabdddd9ce5c58a1898fd014d43ca860a3a83,0x29cf0d59c09a83f7032f7e68a0fec2f305f92be945e0d006b726206c0a793b4f,1141,true,true,
2,6,livereg-2026-09-01T01-38-58-803Z-2-subject_mismatch-6,subject_mismatch,ANCHORED,UNSATISFIED,580.497,56,524.497,0.004,503.579,0,6,16185,0xe057c93d70e2a552151a59abae5b461fdb8b83453ff3a6486f6128f3bb2c53bf,0x8669f8571c72990f71ff9d3b39bc986ac8170962c7fbe37cf6173e75144e8398,1142,true,true,
2,7,livereg-2026-09-01T01-38-58-803Z-2-subject_mismatch-7,subject_mismatch,ANCHORED,UNSATISFIED,480.352,298,182.352,0.004,162.616,0,6,16185,0xa1067040d52266e00721df9bb04c931b009e2b57486c4866f3bdbc64513d5260,0x961ad94cd6bed3c9e81297d429a0205e2fcf7b1b2f375aa40e7b8417d15da95c,1143,true,true,
2,8,livereg-2026-09-01T01-38-58-803Z-2-subject_mismatch-8,subject_mismatch,ANCHORED,UNSATISFIED,530.777,112,418.777,0.007,399.745,0,6,16077,0xa638d9436f46dba2feec973c0d739e350a4c5d3a31e735eaeb1963cba35e67b8,0xda641b9bc33b495ee41d91aea3c927683045f676bfffbf7e38444fb3a1ff28f9,1144,true,true,
2,9,livereg-2026-09-01T01-38-58-803Z-2-subject_mismatch-9,subject_mismatch,ANCHORED,UNSATISFIED,506.841,72,434.841,0.011,420.575,0,6,16185,0x2481c0096369913c3ee4ea22fa41133053dc926391226a30f8c95fb9610d871c,0xdcceb6ebfba75d353a2f7990db9df331f22ba4fa0685dc5da42c30947597ca9c,1145,true,true,
2,0,livereg-2026-09-01T01-38-58-803Z-2-missing_disclosure-0,missing_disclosure,INSUFFICIENT_EVIDENCE,INSUFFICIENT,505.96,60,445.96,0.005,428.068,0,5,14206,0xb301d5e140d5575457f30ad2a5decc5c601c6e23a05c6905129dfc02afed912c,0x44d4d94c00cedbda42db4cee22b7ef751fc5b73d89109acec07b870f27d6b035,1146,true,true,
2,1,livereg-2026-09-01T01-38-58-803Z-2-missing_disclosure-1,missing_disclosure,INSUFFICIENT_EVIDENCE,INSUFFICIENT,529.561,91,438.561,0.009,412.626,0,5,14206,0xae7b2fb704b51143ac57e834cf1f1b482b38c3f2fecf2c6ecd928307820aaefa,0xfb29be93e16c30dc70ead9dadc9b4d13858c8fa2edcb04888e2d9c8460772d42,1147,true,true,
2,2,livereg-2026-09-01T01-38-58-803Z-2-missing_disclosure-2,missing_disclosure,INSUFFICIENT_EVIDENCE,INSUFFICIENT,562.727,66,496.727,0.009,431.454,0,5,14206,0xae42ef66baa25d232fb5e84c18e4bd059562649d5591b0aaf7747329bf895081,0x14e5076e6efbea90293f09805c5d8bd0281e93e815b7c1d398be820625b80da4,1148,true,true,
2,3,livereg-2026-09-01T01-38-58-803Z-2-missing_disclosure-3,missing_disclosure,INSUFFICIENT_EVIDENCE,INSUFFICIENT,457.612,48,409.612,0.006,393.896,0,5,14206,0x11d77f163772dce2a1162ad303a68a05fcd85ddbf630d569f90bae06e3906f54,0x9c0ffac56119c38629c06f8efb83277a859bd545d65e0106b3caf0cb7d40a96f,1149,true,true,
2,4,livereg-2026-09-01T01-38-58-803Z-2-missing_disclosure-4,missing_disclosure,INSUFFICIENT_EVIDENCE,INSUFFICIENT,491.01,66,425.01,0.008,416.983,0,5,14206,0x85601d1d54807452c79fbb9833cae10bb586ddd9decc33be4d0d4303c8a53a54,0xfaa0f4e1f5503957525a5bfe4697f3e06d8260ce14485f9c985e59fb7cafa249,1150,true,true,
2,5,livereg-2026-09-01T01-38-58-803Z-2-missing_disclosure-5,missing_disclosure,INSUFFICIENT_EVIDENCE,INSUFFICIENT,506.216,52,454.216,0.008,444.107,0,5,14206,0xbf0937734f1f92b7d735bdba008647c4dd42a738791b22deacc31c0480f9ac2f,0xcf5ffe63d89b299883a35023a9121ed27b0d7f4fb45af41965ff08f584f556fc,1151,true,true,
2,6,livereg-2026-09-01T01-38-58-803Z-2-missing_disclosure-6,missing_disclosure,INSUFFICIENT_EVIDENCE,INSUFFICIENT,496.409,48,448.409,0.003,436.947,0,5,14206,0x756286f1d07adbc93d40bcd95ff0020616b35b8f5515a936c8e9bec1e6ebde4d,0x74db4c10a71cd85ad027503e6f50c4ec7c7ce46d25592af3910469b59840757f,1152,true,true,
2,7,livereg-2026-09-01T01-38-58-803Z-2-missing_disclosure-7,missing_disclosure,INSUFFICIENT_EVIDENCE,INSUFFICIENT,504.149,56,448.149,0.008,438.751,0,5,14206,0xf6cf4bb42bd10da50a6ccf11a8e76a078c3a664893bb3d31ff906d149f78bacd,0xd7080473d7a0ecda4b78d517838a4f1ecd5698dbbf38d80d62027ba12c0a544e,1153,true,true,
2,8,livereg-2026-09-01T01-38-58-803Z-2-missing_disclosure-8,missing_disclosure,INSUFFICIENT_EVIDENCE,INSUFFICIENT,523.806,59,464.806,0.007,452.088,0,5,14206,0x20489831cc5210a952fe6255ebf9dc83975a35edf423744584dcc6bbb8fca67f,0xc1973eeafa97dc0e183f44b96947b820172e6cd8ebea41796efcd4b4d2564ebd,1154,true,true,
2,9,livereg-2026-09-01T01-38-58-803Z-2-missing_disclosure-9,missing_disclosure,INSUFFICIENT_EVIDENCE,INSUFFICIENT,553.292,67,486.292,0.022,476.913,0,5,14206,0xf6e3c86e5604cf599d4344692ac63f566e323d1a06152665080755d40ccf073e,0x5a9122c4a3520e8d757a5c75cd1d0fc62683544ae6aa35fbe1d076c34132174e,1155,true,true,
2,0,livereg-2026-09-01T01-38-58-803Z-2-endpoint_retry-0,endpoint_retry,ANCHORED,SATISFIED,525.211,49,476.211,0.003,461.749,1,7,16611,0x71e4bd73f7fdd9c02e3eb339ffada3036ee5a21ecd4855f643ec0c747fc86f56,0xe41ce63b81ef6162e31d60e8c70ff673dec04e41ff6e456dd51b7e22a0c0b1de,1156,true,true,
2,1,livereg-2026-09-01T01-38-58-803Z-2-endpoint_retry-1,endpoint_retry,ANCHORED,SATISFIED,503.832,60,443.832,0.006,432.095,1,7,16610,0x40846f1d9ac5f75ebc3bd3f145a7a45c75eccc1eb93a0aa74ac462ba8d6178d4,0x4117d1fd62972fa4caaba8a400d0eee9c542bb4938a5084358b10202a22d327a,1157,true,true,
2,2,livereg-2026-09-01T01-38-58-803Z-2-endpoint_retry-2,endpoint_retry,ANCHORED,SATISFIED,499.052,54,445.052,0.007,435.259,1,7,16610,0x792a799fb529ec602003c3231af5f94d0eedcf831bdfc1c5d9df0feab7d66c8e,0x313b51f217dc9853de8fe25acfc550d68ff98adbc86a79c273f09eb0c2455af6,1158,true,true,
2,3,livereg-2026-09-01T01-38-58-803Z-2-endpoint_retry-3,endpoint_retry,ANCHORED,SATISFIED,503.34,49,454.34,0.003,443.986,1,7,16610,0xfc9b709b8804df5bbbdf5b9e33c5615c9b517af75df61d56f353465f9f49c4b4,0x9eea9059c4a8cdae6b1047f2aededd010bb15672d298a7bbc45380885d474566,1159,true,true,
2,4,livereg-2026-09-01T01-38-58-803Z-2-endpoint_retry-4,endpoint_retry,ANCHORED,SATISFIED,511.228,47,464.228,0.003,450.506,1,7,16502,0xfecb5d9919f87f86b3d68cf2e4584a9bd5891180a2123110f8df319c908ac58c,0x3bfa16de790869368f579f1f88c1cdbcdf51b57e0c933d57495ce384e7249f82,1160,true,true,
2,5,livereg-2026-09-01T01-38-58-803Z-2-endpoint_retry-5,endpoint_retry,ANCHORED,SATISFIED,510.133,47,463.133,0.005,451.797,1,7,16610,0x940259d9091e0c3271c4bc6d36fe0ab2c5f0f29fbd320b650d8af53fbdda3c99,0xfc3c9f10c4aab891c7a5a613c5d32e189a35e76a9278aeefce84a00220c4993c,1161,true,true,
2,6,livereg-2026-09-01T01-38-58-803Z-2-endpoint_retry-6,endpoint_retry,ANCHORED,SATISFIED,519.072,49,470.072,0.007,453.985,1,7,16610,0x7a1452a94e4c25bc4f586993f62113beeae2b523127aa2055c2d943a7d30ed22,0x394c096f3e2bbd77237666b954a38dc92572363255b7998976d88a8e3024f481,1162,true,true,
2,7,livereg-2026-09-01T01-38-58-803Z-2-endpoint_retry-7,endpoint_retry,ANCHORED,SATISFIED,647.87,77,570.87,0.008,557.099,1,7,16610,0x27909b9833c68d11e40d05d7889061cd6f118cdf8000744637cdd2ed5d122c29,0x39cd362c4a77b190f7c74d08b45a3889b9745f8e21014a0cb6ee2f7b5fa0d741,1163,true,true,
2,8,livereg-2026-09-01T01-38-58-803Z-2-endpoint_retry-8,endpoint_retry,ANCHORED,SATISFIED,476.459,86,390.459,0.013,381.178,1,7,16610,0xcc1bc7d184b99ba9e6ed6fae688602fad450f5e7d9af9199ae8dd87dad97907a,0xdef0bbdbc5f69b51511ccd25ea565cacd05f44b02cb70999e274d4a73f75939d,1164,true,true,
2,9,livereg-2026-09-01T01-38-58-803Z-2-endpoint_retry-9,endpoint_retry,ANCHORED,SATISFIED,554.729,58,496.729,0.01,486.698,1,7,16610,0x5e1420d077997dd78675a5b343e7962c201bae4ab7f49de98728499e08f1b5ce,0x14a7015b2cbffa448c56b98899ee628609640958a61c247eee3c6d5c5941dd4a,1165,true,true,
